2D,,Two-dimensional,PAS 1192-2 Back
2D Drawing,,"A 2D drawing contains a view of a model that is referenced into a 'drawing sheet template' (blank drawing and title block). Such drawings must always be considered to be static documents, as they are drawing renditions or snapshots of the design's model files.  Such renditions are generated each time the drawing is prepared for 'sharing' at regular milestones",PAS 1192-2 Back
2D Model,,"A model with entities having two-dimensional properties. Such models are always to be considered to be dynamic, as they will be made up of 'model files' that are 'reference' files",PAS 1192-2 Back
3D,,Three-dimensional,PAS 1192-2 Back
3D Model,,"A model with objects having three-dimensional properties. Such models are always to be considered to be dynamic, as they will be made up of 'model files' that are 'reference' files",PAS 1192-2 Back
3D Visualization,,"3D images from the 3D CAD model, or a virtual representation of the building or facility to be constructed; used for visualizing the project",PAS 1192-2 Back
Acceptance Criteria,,Evidence required for considering that requirements have been fulfilled,ISO 22263
Accessory,,"product of the same or of different product groups, which can be attached to a product. NOTE 1 to entry: An accessory is not a different type of product, it plays an ancillary role to another product.",ISO/DSI 16757-1
Accessory Hierarchy,,Representation of the dependencies between products and accessories,ISO/DSI 16757-1
Activity,,task that is needed to produce a deliverable,"BS 8536-1, BS 8536-2"
Activity Space,,"Space defined by the spatial extension of an activity. NOTE 1 to entry: A spatial extension of an activity, for example, a table or a bed, and the activity space around them.",ISO 12006-2
Actor,,"A person, an organization or an organizational unit (such as a department, team, etc.) involved in a construction process",ISO/DIS 29481-1
Aftercare,,"defined period post-handover of an asset/facility in which the design and construction team passes on information and knowledge to the operator, operations team or facility manager, responds to queries and problems, and monitors and reviews the asset's/facility's performance.",BS 8536-1
Alignment,,Achieving complete agreement between the contents of an information model and the state of a physical asset,OBE
Alphanumeric,,"alphanumeric pertaining to data that consist of letters, digits, and usually other characters, such as punctuation marks, as well as to processes and functional units that use those data",ISO/IEC 2382:2015(en) 
Appointed party,,"Provider of information concerning works, goods or services.",BS EN ISO 19650-1
Appointing party,,"Receiver of information concerning works, goods or services from a lead appointed party. [the 1192 term was: client (project), asset owner/operator (asset) or Employer]",BS EN ISO 19650-1
Appointment,,"agreed instruction for the provision of information (3.3.1) concerning works, goods or services Note 1 to entry: This term is used whether or not there is a formal appointment between the parties.",BS EN ISO 19650-2
Archive,,"Component of the common data environment.  NOTE: The archive section of the CDE is for inactive of superseded information. Such information will provide a history of the project information transfers, sharing, change orders and knowledge retention, and can be used for other contractual purposes or 'discovery'","BS 1192, PAS 1192-2 Back"
Area of Capability,,Prequalification topic that enquires about the capability of suppliers and their supply chains - as defined by the relevant question module e.g. health and safety,PAS 91
Article Number,,"Manufacturer's reference number, GTIN, or other identifier identifying the product or constituents of a product",ISO/DSI 16757-1
As-Constructed,,"A model consisting of documentation, non-graphical information and graphical information defining the delivered project.  'As-constructed' defines the defect and deviation to the designed model occurring during construction. The 'As-constructed' model and its appended documentation are continually updated through re-measurement as construction progresses. This allows for deviation to be reviewed with respect to the following packages and making knowledgeable assessment of impact and resolution",PAS 1192-2 Back
Aspect,,Concept by which the existence and appearance of a thing is experience and cannot exist without the existence of its possessor and which is either an intrinsic non-separable facet of its possessor or a role of its possessor,ISO 16354
Aspect (Scale Relation),,Relation that specifies that aspects of the specified kind can be quantified using the kind of scale R1 role player: aspect R2 role player: scale/R1 role: quantifiable R2 role: quantifying/R1-R2 expression: can be quantified on scale R2-R1 expression: can be a scale for a,ISO 16354
Aspect (Unit of measure Relation),,Relation that specifies that aspects of the specified kind shall be quantified using the particular unit of measure R1 role player: aspect R2 role player: unit of measure/R1 role: quantifiable R2: quantifying/R1-R2 expression: shall be quantified on unit R2-R1 expression: shall be a unit for a,ISO 16354
Assembly,,Group of components or types to enable the reuse of standardized design or specification elements improving productivity of design and delivery as well as providing a location to hold specifications and lessons learnt in a simple and useable way. The contents of assemblies may themselves have attributes and classifications.,"PAS 1192-2 Back, BS 1192-4"
Assessment Provider,,Entity undertaking prequalification of suppliers as a service to both buyers and suppliers,PAS 91
Asset,,"item, thing or entity that has potential or actual value to an organization","PAS 1192-3, BS 1192-4, PAS 1192-5, ISO 55000, BS 8536-1"
Asset Information,,"Data or information relating to the specification, design, construction or acquisition, operation and maintenance, and disposal or decommissioning of an item, thing or entity that has potential or actual value to an organization",PAS 1192-5
Asset Information Management,,Discipline of managing asset-related organizational data and information to a sufficient quality to support organizational objectives and outcomes,PAS 1192-3
Asset Information Model,AIM,"Maintained information model used to manage, maintain and operate the asset; required to support an organization's asset management system","PAS 1192-2 Front, PAS 1192-2 Back, PAS 1192-3"
Asset Information Model,AIM,information model (cl 3.3.9) relating to the operational phase,BS EN ISO 19650-1
Asset Information Requirements,AIR,Data and information requirements of the organization in relation to the asset(s) it is responsible for,PAS 1192-3
Asset Information Requirements,AIR,information requirements in relation to the operation of an asset.,BS EN ISO 19650-1
Asset Management,,Coordinated activity of an organization to realize value from assets,"PAS 1192-3, PAS 1192-5, ISO 55000, BS 8536-1"
Asset Management System,,Management system for asset management whose function is to establish the asset management policy and asset management objective,PAS 1192-3
Asset Owner,,"Individual or organization that owns the built asset and any associated asset information, is the asset operator or licensee, or is the operator of the system of which the built asset is a component",PAS 1192-5
Attribute,,characteristic assessed in terms of whether it does or does not meet a given performance,ISO 6707-1
Auditor,,Testing review body,BS 8541-6
Author,,"originator of Information Model; Graphical Model, Non Graphical Information and Documents.","PAS 1192-2 Front, PAS 1192-2 Back"
Baseline Security Measures,,Contractually required measures relating to personal and commercial information,PAS 1192-5
Basis for Design,,"information and data concerning the required function, form, layout, specification and operation of an asset/facility amongst other matters",BS 8536-1
BIM Guidance Document,,Document that aids users in achieving their intended results through the use of BIM,ISO 12911
BIM Software Application,,"A software application that is used to create, modify, analyze, manage, publish, share, or expire elements of a BIM",ISO/DIS 29481-1
BIM Viewer,,"Software used to view 3D rendition without requiring the user to have the software that produced the model (Navisworks, Navigator, Solibri, etc.; also eDrawing to view both 2D and 3D rendition)",PAS 1192-2 Back
Binary Relation,,"Relation that specifies a relationship between two things, each of which is playing its own role that is of a kind that is typical for the relation type",ISO 16354
Boolean Operators,,"Logical operators such as conjunction - (and) disjunction - (or), and negation - (not) used in solid modelling to combine primitive solids",ISO/DSI 16757-2
Brief,,"working document which specifies at any point in time the relevant needs and aims, resources of the client and user, the context of the project and any appropriate design requirements within which all subsequent briefing (when needed) and designing can take place",BS 8536-1
Briefing,,"process of identifying and analysing the needs, aims and constraints (the resources and the context) of the client and the relevant parties, and of formulating any resulting problems that the designer is required to solve","BS 8536-1, BS7832, ISO9699"
BSS Property,,Technical property that describes an aspect of the current state of a BSS,ISO/DSI 16757-1
Building Information Management,BIM(M),Sometimes Building Information Management but as BIM(M) Building Information and Management,PAS 1192-2 Back
Building Information Model,BIM,"Shared digital representation of physical and functional characteristics of any built object, including buildings, bridges, roads, process plant",ISO 12911
Building Information Modelling,BIM,"process of designing, constructing or operating a building or infrastructure asset using electronic object-oriented information","ISO 12911, ISO/DSI 16757-1, ISO/DIS 29481-1,  PAS 1192-2 Front, PAS 1192-2 Back, PAS 1192-5, BS8636-1"
Building Information Modelling Execution Plan,BEP,Plan prepared by the suppliers to explain how the information modelling aspects of a project will be carried out,"PAS 1192-2 Front, PAS 1192-2 Back"
Building Information Modelling (Pre-appointment),BEP,plan that explains how the information management aspects of the appointment will be carried out by the delivery team Note 1 to entry: The pre-appointment BIM execution plan focuses on the delivery team's proposed approach to information management and their capability and capacity to manage information.,BS EN ISO 19650-2
Building Information Modelling (Delivery Team's),BEP,plan that explains how the information management aspects of the appointment will be carried out by the delivery team,BS EN ISO 19650-2
Building Services,,"Utilities and installations supplied and distributed within a building such as electricity, gas, heating, water, and communications",ISO/DSI 16757-1
Building Services System,BSS,Technical system that provides building services in a building,ISO/DSI 16757-1
Built Asset,,"Building, multiple buildings (e.g. a site or campus) or built infrastructure (e.g. roads, railways, pipelines, dams, docks, etc.) that is the subject of a construction project or where the asset information is held in a digital format",PAS 1192-5
Built Asset Security Information Requirements,BASIR,"The BASIR shall detail the employer or asset owner's requirements with regard to the arrangements for, and overseeing of, the secure capture, handling, dissemination, storage, access and use of all data and information pertaining to sensitive assets and systems",PAS 1192-5
Built Asset Security Manager,,"Individual reporting directly to, or employed by, the employer or asset owner and undertaking the role of security management",PAS 1192-5
Built Environment,,collection of man-made or induced physical objects located in a particular area or region,ISO 6707-3
Built Space,,"Space defined by built or natural environment or both, intended for user activity or equipment",ISO 12006-2
Business Requirement,,A requirement that describes in business terms what needs to be delivered or accomplished,ISO/DIS 29481-1
Buyer,,Client or other entity procuring the services of supplier(s) contributing to the fulfilment of a construction related contract,PAS 91
CAD Standard,,"Standard used to produce CAD models that will include origins, units, layering conventions, line specifications, file-naming conventions, drawing numbering, etc.",PAS 1192-2 Back
CAD Viewer,,"Software used to view rendition print fi les without requiring the user to have the software that produced the model. (Adobe PDF, DWF, etc.)",PAS 1192-2 Back
Capital/delivery Phase,,"Major works where information is managed using PAS 1192-2:2013 and an asset is designed, procured and delivered",PAS 1192-3
Catalogue Metadata,,Data in the catalogue which contains data about the catalogue itself,ISO/DSI 16757-1
CDM Coordinator,,employee whose role is to 'advise and assist the client to comply with their duties under the Construction (Design and Management)] Regulations',BS7000-4
Characteristic,,abstraction of a property of one or more objects,ISO 6707-1
CIC Scope of Services,,Multi-disciplinary scope of services published by the Construction Industry Council (CIC) for use by members of the project team on major projects,"PAS 1192-2 Front, PAS 1192-2 Back"
Clash Rendition,CR,Rendition of the native format model file to be used specifically for spatial coordination processes. To achieve clash avoidance or to be used for clash detection,"PAS 1192-2 Front, PAS 1192-2 Back"
Class,,A type or collection of things that share common attributes,ISO/DIS 29481-1
Classification,,"Systematic arrangement of headings and sub-headings for aspects of construction work including the nature of assets, construction elements, systems and products","PAS 1192-2 Front, PAS 1192-2 Back"
Classification Relation,,"Relation that relates an individual thing to a kind of thing, indicating that the individual thing is of a specified kind, because of the fact that the individual thing has aspects that comply with the definition of the kind R1 role player: an individual thing R2 role player: concept/R1 role: classified R2 role: classifier/R1-R2 expression: is classified as a R2-R1 expression: is a classifier of",ISO 16354
Clause,,Subsection of a guidance document which contains an objective and one or more definitions and requirements,ISO 12911
Client,,person or organization initiating and financing a project and approving the brief,ISO 6707-1
Client,,Actor responsible for initiating a project and approving the brief.,BS EN ISO 19650-1
Clipping,,Operation applied to a geometric model to remove parts of the model beyond a defined boundary,ISO/DSI 16757-2
Code,,"Sequence of characters, often a mnemonic, having defined meaning when interpreted in the context of the field in which it is entered, used to concisely convey meta-data",BS 1192
Collection,,"Concept that indicates a plurality, consisting of a number of things without a particular structure between the elements and not necessarily with a common discriminator",ISO 16354
Collection of Concepts Relation,,Relation that specifies that a concept is an element of a collection of concepts R1 role player: concept R2 role player: collection/R1 role: collected R2 role: collector/R1-R2 expression: is an element in collection of concepts R2-R1 expression: is a collection of concepts including,ISO 16354
Commissioning,,"process by which equipment, a system, a facility or a plant that is installed, is completed or near completion is tested to verify if it functions according to its design specification and intended application","BS8636-1, ISO 50004"
Common Arrangement of Work Sections,CAWS,"Common Arrangement of Work Sections, published by CPIC for use in specifications and bills of quantities",PAS 1192-2 Back
Common Data Environment,CDE,"Single source of information for any given project, used to collect, manage and disseminate all relevant approved project documents for multi-disciplinary teams in a managed process","PAS 1192-2 Front, PAS 1192-2 Back, PAS 1192-3, PAS 1192-5, BS8636-1"
Common Data Environment,CDE,"agreed source of information for any given project or asset, for collecting, managing and disseminating each information container through a managed process.",BS EN ISO 19650-1
Common Data Environment (Project's),,The CDE that serves the overall requirements of the project and supports the collaborative production of information.,BS EN ISO 19650-2
Common Data Environment State,,"The state of the information containers, Work in Progress, Shared, Published or Archive state",BS EN ISO 19650-1
Common Data Environment Solution,,The CDE solution provides the technology to support the processes of CDE workflow. ,BS EN ISO 19650-1
Common Data Environment Workflow,,The CDE workflow describes the processes to be used for the function of the CDE solution,BS EN ISO 19650-1
Component,,"named and individually scheduled physical items and features that might require management, such as inspection, maintenance, servicing or replacement, during the in-use phase","PAS 1192-2 Back, BS 1192-4"
Composition Relation,,"Relation between two kinds of things that specifies that something that is classified by a concept that plays the role of whole can have one or more components that are classified by another concept that plays the role of part, in which the number of parts may be constrained by cardinality constraints R1 role player: concept R2 role player: concept/ R1 role: part R2 role: whole/R1-R2 expression: can be a part of a R2-R1 expression: can be a whole for a",ISO 16354
Computer Aided Design,CAD,,
Computer Aided Design and Draughting,CADD,,
Computer-aided Facility Management,CAFM,,
Concept,,(1) unit of knowledge created by a unique combination of aspects and/or components (adapted from ISO 1087-1) (2) commonality between individual things that is defined by one or more constraints that describe the limits for the inclusion of individual things to conform to the concept,ISO 16354
Concession,,Permission to use or release a product that does not conform to specific requirements or a concession against a contract requirement (gain permission for non-conformance),PAS 1192-2 Back
Concurrent Engineering,,"Systematic approach to the integrated, concurrent design of products and their related processes, including manufacture and support (based on IDA definition). In a construction context it incorporates, both early contractor and owner/operator involvement",PAS 1192-2 Back
Conventional Cartesian Axis,,"Geometric convention using positive co-ordinates (X, Y, Z) ordered as (East, North, upwards), so that conventional plans use X, Y; and Z is upwards",BS 1192
Configuration,,Interrelated functional and physical characteristics of a product defined in product configuration information,PAS 1192-2 Back
Configuration Item,,Entity within a configuration that satisfies an end use function,PAS 1192-2 Back
Configuration Management,,Co-ordinated activities to direct and control configuration,PAS 1192-2 Front
Configuration Status Accounting,,"Formalized recording and reporting of product configuration information, the status of proposed changes and the status of the implementation of approved changes",PAS 1192-2 Back
Conformity,,Fulfilment of a requirement,ISO 22263
Connection,,Named logical relationship between two Components,BS 1192-4
Consortium,,"Association of two or more entities (individuals, companies or organizations) pooling resources to participate in a common construction related project",PAS 91
Constraint,,"Relationship between two or more elements in a model, which should be maintained in any modifications made subsequent to a model transfer",ISO 12911
Constructed Facility,,"A unit of the built environment with a characteristic spatial form, intended to serve some function or support a user activity",ISO/DIS 29481-1
Construction,,"Building, civil engineering or other structural engineering work",PAS 91
Construction (Design and Management) regulations,CDM,Construction (Design and Management) regulations,PAS 1192-2 Back
Construction Activity,,Component process of construction process,ISO 12006-2
Construction Agent,,Human construction resource carrying out a construction process,ISO 12006-2
Construction Aid,,Construction resource intended to assist in carrying out a construction process,ISO 12006-2
Construction Complex,,Aggregate of one or more construction entities intended to serve at least one function or user activity,ISO 12006-2
Construction Element,,"Constituent of a construction entity with a characteristic function, form, or position",ISO 12006-2
Construction Entity,,"Independent unit of the built environment with a characteristic form and spatial structure, intended to serve at least one function or user activity",ISO 12006-2
Construction Indexing System for Construction Products,CI/SfB,The UK version of the Construction Indexing Classification System for Construction products and elements - a version of the SfB classification system originating from Sweden,PAS 1192-2 Back
Construction Information,,Information of interest in a construction process,ISO 12006-2
Construction Object,,Object of interest in the context of a construction process,ISO 12006-2
Construction Operation Building information exchange,COBie,Subset of BS ISO 16739 IFC documented as a buildingSMART model view definition (MVD) which includes operational information used to supply data to the organization to populate decision-making tools and asset management systems,"ISO 15686-4, PAS 1192-2 Front, PAS 1192-Back, PAS 1192-3, BS 1192-4"
Construction Organization,,"Group of individuals acting together in a structured, coordinated manner to achieve a common construction objective",PAS 91
Construction Process,,Process which uses construction resources to achieve construction results,"ISO 12006-2, ISO/DIS 29481-1"
Construction Process Lifecycle,,Sequence of stages from the start to the end of the construction process,ISO 12006-2
Construction Product,,Product intended to be used as a construction resource,ISO 12006-2
Construction Property,,Property of a construction object,ISO 12006-2
Construction Resource,,Construction object used in a construction process to achieve a construction result,ISO 12006-2
Construction Result,,Construction object which is formed or changed in state as the result of one or more construction processes using one or more construction resources,ISO 12006-2
Construction Result Lifecycle,,Period of time from inception to the demolition of a construction result,ISO 12006-2
Construction System,,Interacting construction objects organized to achieve one or more stated purposes,ISO 12006-2
Constructive Solid Geometry,CSG,Constructive solid geometry representation. A CSG object is composed from standard primitives using regularised Boolean operations and rigid motions,PAS 1192-2
Consultant,,Entity providing expert advice or other services in relation to a construction project e.g. a designer,PAS 91
Contact,,Named person and/or organization involved in the Facility lifecycle,BS 1192-4
Container,,"Named persistent set of data within a file system or application data storage hierarchy including, but not limited to, directory, sub-directory, data file, or distinct sub-set of a data file, such as a chapter or section, layers or symbol",BS 1192
Contractor,,Entity undertaking physical construction related activity at one or more construction sites in accordance with a formal arrangement made in advance,PAS 91
Convention,,"Accepted way of drawing an item which may have the nature of a representation, a simplified representation or a symbol",BS 8541-2
Coordinate (position),,"Named position associated to Facility, Floor (region), Space (location), Component or Assembly",BS 1192-4
Coordinate (process),,achieving complete agreement between the contents of an information model and the state of a physical asset,PAS 1192-3
Cyber Hygiene,,conditions and practices that serve to promote or preserve cyber safety and security by individual system users,PAS 1192-5
Cyber-physical Systems,CPS,"system designed as an entity, or set of entities, with a specific purpose, or to meet a capability objective",PAS 1192-5
Data,,Information stored but not yet interpreted or analyzed,"PAS 1192-2 Front, PAS 1192-3"
Data Environment,,Technologies (Data repositories) and their workflow for managing information. Generally those used by appointed parties,BRE DEFINITION
Data Manager,,organizational representative responsible for establishing governance and assuring data and information flow to and from the AIM ,PAS 1192-3
Data Store,,repository for data within the AIM,PAS 1192-3
Declaration Scheme,,"set of requirements for characterizing product or facility performance, prepared by an independent body other than the product manufacturer or supplier, and other than the purchaser or owner",BS 8541-6
Declarer,,"provider of the declaration, typically the manufacturer or supplier, but can be a library or scheme provider",BS 8541-6
Definition,,Representation of a concept by a descriptive statement which serves to differentiate it from related concepts,ISO 15686-4
Definition Relation,,Relation that specifies that a textual description is a description of something R1 role player: character string R2 role player: anything/R1 role: description R2 role: described/R1-R2 expression: is a description of R2-R1 expression: is described as,ISO 15686-4
Deliverable,,product or service as an outcome of a process,BS 8536-1
Delivery Team,,Lead appointed party and their appointed parties.,BS EN ISO 19650-1
Delivery team's capability and capacity,,the delivery team's capability to manage and produce information and its capacity for timely delivery of the information,BS EN ISO 19650-2
Delivery Team's Risk Register,,"risk register containing the risks associated with the timely delivery of information, in accordance with the appointing party's exchange information requirements, and how the delivery team intends to manage these risks.",BS EN ISO 19650-2
Delivery phase  ,,"part of the life cycle , during which an asset is designed, constructed and commissioned",BS EN ISO 19650-2
Descriptive Object,,Object giving descriptive and/or visual information about the product,ISO 15686-4
Design (File Format),DGN,"File extension for Bentley Systems, MicroStation and Intergraph's Interactive Graphics Design System CAD programs.",PAS 1192-2 Back
Design Intent Model,,Initial version of the Project Information Model developed by the design suppliers,"PAS 1192-2 Front, PAS 1192-2 Back"
Design Intent Model,,Use of the project information model to convey the design intent.,BS EN ISO 19650-1
Design Process,,Construction process determining construction properties for the built environment before it is made physical,ISO 12006-2
Design Review Protocol,,procedure for ensuring a structured and systematic review of a design at defined points in the project life cycle,BS 8536-1
Design Team,,"Sub-set of the project delivery team and/or task team that is involved in the delivery of the brief, concept, definition and design stages of the project",PAS 1192-5
Design Web Format,DWF,"Design web format. An open, secure file format developed by Autodesk for the distribution and communication of design data to view, review, or print design files",PAS 1192-2 Back
Digital Plan of Works,dPoW,"Generic schedule of phases, roles, responsibilities, assets and attributes, made available in a computable form","BS 1192-4, BS8636-1"
Dispositioning Authority,,Person or a group of persons assigned responsibility and authority to make decisions on the configuration,PAS 1192-2 Back
Document,,Container for persistent information that can be managed and interchanged as a unit,"PAS 1192-2 Front, PAS 1192-2 Back, BS 1192-4"
Document Exchange Format (File Format),DXF,File format used mainly for importing and exporting CAD data between AutoCAD and other CAD-related programs,PAS 1192-2 Back
Document Management System,DMS,Document management system,PAS 1192-2 Back
Document Repository,,"Entity including an electronic data management (EDM) system, project extranet or folder hierarchy on a Windows file server",PAS 1192-2 Back
Drawing,,Document used to present graphic information,"BS 1192, PAS 1192-2 Front, PAS 1192-2 Back"
Drawing (File Format),DWG,Proprietary AutoCAD file format,PAS 1192-2 Back
Drawing Title Block,,"Framework ? often containing the project team's logos ? to show the drawing title, number, purpose of issue status and revision information",PAS 1192-2 Back
Dynamic Property,,"Technical property, that reflects the product's behaviour under the operating conditions of the building services system in which the product is installed",ISO/DSI 16757-1
Earned Value Analysis,EVA,"A method of project performance measurement that integrates cost, time and scope",PAS 1192-2 Back
Electronic Document Management System,EDMS,"System for storing, retrieving, sharing and otherwise managing electronic documents","PAS 1192-2 Front, PAS 1192-2 Back"
Employer,,"person or organization intending to or entering into a contract with the contractor for the provision of goods, services, or engineering and construction works",ISO 10845-1
Employer's Information Requirements,EIR,"A document setting out the information requirements to be delivered, and the standards and processes to be adopted by the supplier as part of the project delivery process","PAS 1192-2 Front, PAS 1192-2 Back, BS 1192-4, BS8636-1"
Employer's Representative ,,The employer's representative (who may be the lead designer or the supplier),PAS1192-2
Employer's Representative ,,person authorized to represent the employer and named as such in the contract data or targeting data,ISO 10845-5
End-user,,person receiving asset/facility-related services,BS8636-1
Enterprise,,Entity constituting multiple organizations within the supply chain,PAS 1192-5
Entity,,Synonym for 'object',PAS 1192-2 Back
Exchange Information Requirements,EIR,information requirements in relation to an appointment.,BS EN ISO 19650-1
Exchange Requirement,ER,A defined set of information units that need to be exchanged to support a particular business requirement at a particular process phase (or phases) / stage (or stages),ISO/DIS 29481-1
Facility-related service,,"support provision to the primary processes and activities of an organization, delivered by an internal or external provider",BS8636-1
Facilities Management,FM,integration of processes within an organization to maintain and develop the agreed services that support and improve the effectiveness of its primary processes and activities,BS8636-1
Facility,,"Named distinct operational built or geographic asset, typically a building or section of infrastructure along with details and extent of the geographic site and of the temporal project","ISO 12911, BS 1192-4"
Facility Declaration,,"Data associated to a facility such as a constructed asset, building or structure, provided or verified by a distinct independent declaration scheme to support evaluation and comparisons",BS 8541-6
Facility Handbook,,organized collection of documentation covering the operation of an asset/facility,BS8636-1
Facility Management,,"All the services before, during, and after utilisation of real estate properties and infrastructure based on a holistic (integral) strategy",ISO/DSI 16757-1
Fact,,State of being the case,ISO 16354
Federation,,Creation of a composite information Model from separate information containers.,BS EN ISO 19650-1
Federation strategy  ,,The concept of volumes for sub-division of an information model is now described in terms of the reasons for which separate information models might need to be federated. This was an easier concept for non-UK countries to understand.  ,BS EN ISO 19650-1
Field,,Part of a container name reserved for meta-data,BS 1192
File Store,,Repository for information within the asset information model,PAS 1192-3
Floor (Region),,"Named intermediate spatial subdivision, including distinct vertical levels and horizontal areas and sections with Spaces allocated",BS 1192-4
Formula,,Algorithms and formulas for the calculation of computable product properties,ISO/DSI 16757-1
Framework,,Structure of processes and specifications designed to support the accomplishment of a specific task,ISO 12911
Function,,Algorithms and formulas for the calculation of computable product properties,ISO/DSI 16757-1
Gate,,"Division of a standardized process map for the acquisition of a facility, at some of which the requirements can be delivered","PAS 1192-2 Front, PAS 1192-2 Back"
Generic Object,,type object intended for use in stages of design when the object is not resolved into a product,"BS 8541-1, BS 8541-3, BS 8541-4"
Global Trade Item Number,GTIN,Identifier for trade items used to look up product information in a database GS1,ISO/DSI 16757-1
Globally Unique Identifier,GUID,Identifier given to a product that guarantees its uniqueness throughout its entire life,ISO 15686-4
Graphical Data,,Data conveyed using shape and arrangement in space,"PAS 1192-2 Front, PAS 1192-2 Back"
Graphical File,,File format designed specifically for representing graphical images,PAS 1192-2 Back
Handover,,The stage of a capital/delivery project where the asset is made available for use or occupation,PAS 1192-3
Hostile Reconnaissance,,"Activity of acquiring information about a target with the view to planning to attack, compromise, disrupt or destroy that target",
IDM Components,,"The basic elements that form an IDM: interaction maps / transaction maps, process maps and exchange requirements",ISO/DIS 29481-1
Impact,,"Representation of an economic, environmental or social dis-benefit of a product","ISO 15686-4, BS 1192-4"
Individual Thing,,Concept that classifies any real world or imaginary thing that has individuality that is not dependent on a commonality between things,ISO 16354
Information,,meaningful data,ISO 22263
Information Constraint,,"A statement that formally defines or constrains the scope of a piece of information due to some aspect of the business, a rule under which an organization operates or a policy or decision that influences a process",ISO/DIS 29481-1
information container,,"Named persistent set of information retrievable from within a file, system or application storage hierarchy. EXAMPLE - Including sub-directory, information file (including model, document, table, schedule), or distinct sub-set of an information file such as a chapter or section, layer or symbol.",BS EN ISO 19650-2
Information Delivery Manual,IDM,"Strategy for identifying the processes, exchange requirements, business rules and functional parts for information exchanges in facility projects","ISO 12911, ISO/DIS 29481-2"
Information Delivery Milestones,,scheduled event for a predefined information exchange,BS EN ISO 19650-2
Information Delivery Plan,,"A plan responding to the EIR that reflects the scope of the appointment within the asset life cycle. Includes the preparation of the Information Management Solution, the BEP (its included resources), the MIDP/TIDP, mobilization plan and potentially the LAP's EIR",BS EN ISO 19650-1
Information Device,,Convention indicating an abstract item,BS 8541-2
Information Exchange,,Structured collection of information at one of a number of pre-defined stages of a project with defined format and fidelity,"PAS 1192-2 Front, PAS 1192-2 Back"
Information Exchange,,act of satisfying an information requirement or part thereof (verb),BS EN ISO 19650-1
Information Management,,"Policies, processes, and tasks applied to inputting, processing and generation activities to ensure accuracy, authenticity, confidentiality and integrity of information","PAS 1192-2 Front, PAS 1192-2 Back, PAS 1192-5"
Information Management Process,IMP,Process to manage information related to the operational phase of an asset,PAS 1192-3
Information Manager,,"Organizational representative appointed by the employer or asset owner, who is responsible for establishing governance and assuring data and information flow to and from the common data environment (CDE) during the design, construction, operation and maintenance, and disposal or decommissioning of a built asset",PAS 1192-5
Information Management Solution,,A legally integrated supply chain framework of tools and resources that provide achievable planned delivery of information through defined information management processes.,BRE DEFINITION
Information Model,,Set of structured and unstructured information containers.,BS EN ISO 19650-1
Information Model,,"The information model comprises three constituent parts:  graphical information, non-graphical information and documentation,","PAS 1192-2 Front, PAS 1192-2 Back"
Information Modelling,,"Use of data to provide information through better understanding, by applying logic or mathematical functions to derive new data","PAS 1192-2 Front, PAS 1192-2 Back"
Information requirement,,"specification for what, when, how and for whom information (3.3.1) is to be produced",BS EN ISO 19650-1
Information Unit,,An individual information item such as a window identifier or a room depth,ISO/DIS 29481-1
Instance,,Occurrence of an entity at a particular location and orientation within a model,BS 1192
Interaction Framework,,"Formal description of the elements of interaction, including definition of roles, transactions, messages in transactions, and data elements in messages","ISO/DIS 29481-1, ISO/DIS 29481-2"
Interaction Framework Schema,,Formal description of the rules with which sent and received messages must comply,ISO/DIS 29481-2
International Alliance for Interoperability,IAI,International Alliance for Interoperability.  Now known as buildingSMART,PAS 1192-2 Back
Intrinsic Aspect,,Role that an aspect plays in a relationship and that is dependent on the aspect as well as on the possessing object,ISO 16354
Involvement Relation,,Relation between kinds of things that specifies that physical objects of a kind can play a role in an occurrence of a kind R1 role player: physical object R2 role player: occurrence/R1 role: involved R2: involver/R1-R2 expression: can be involved in R2-R1 expression: can involve a,ISO 16354
Issue,,Named deficiency in the information or risk associated to the assets,BS 1192-4
Job,,Named task or activity during the in-use phase associated to Types,BS 1192-4
key decision point,,"Point in time during the life cycle when a decision crucial to the direction or viability of the asset is made. Note 1 to entry During a project, these generally align with project stages",BS EN ISO 19650-1
Key Performance Indicator,KPI,measure that provides essential information about the performance of asset/facility-related services delivery,BS8636-1
Knowledge Library,,Collection of information models that express knowledge (which may include also definition models and requirements model(s) about kinds of things (concepts) and that are stored and retrieved as electronic information,ISO 16354
Knowledge Model,,Information model that expresses knowledge in a computer interpretable structure,ISO 16354
Language,,Coding system of spoken and/or written words and sentences (expressions and phrases) that is used to communicate between people or systems,ISO 16354
Layer,,Property given to entities within CAD files enabling their visibility and graphical representation to be controlled. Further values may be assigned to the attribute to enable control whether it can be edited or deleted,"BS 1192, PAS 1192-2 Back"
lead Appointed party,,"""lead appointed party"" which is an appointed party directly appointed by the appointing party.",PD ISO 19650-0
Lean,,Production focused on delivering value for the employer and eliminating all non-value-adding activities using an efficient workflow,"PAS 1192-2 Front, PAS 1192-2 Back"
Lean Principles,,"Understanding value from a client's perspective identifying the value stream, establish a balanced flow of work, in which the demand for product is pulled from the next customer, with a constant drive for continuous improvement and perfection (Based on 'Lean Thinking', Womack & Jones, 2003 edition)",PAS 1192-2 Back
Level of Attributing,,Categorization based on a minimum content of attributing information on a library Object,BS 8541-4
Level of Definition,,Collective term used for and including 'level of model detail' and the 'level of information detail',PAS 1192-2 Front
Level of Detail,,completeness and accuracy of a virtual shape representation compared to the physical and functional characteristics of the actual object,BS 8541-3
level of information need,,Framework which defines the extent and granularity of information,BS ISO 19650-1
Level of Measurement,,completeness and accuracy of a virtual measurement compared to the physical and functional characteristics of the actual object,BS 8541-3
Levels of Model Detail,LOD,Description of graphical content of models at each of the stages defined for example in the CIC Scope of Services,PAS 1192-2 Back
Levels of Model Information,LOI,Description of non-graphical content of models at each of the stages defined for example in the CIC Scope of Services,PAS 1192-2 Back
Life Cycle,,"Stages and activities spanning the life of the system from the definition of its requirements to the termination of its use, covering its conception, development, operation, maintenance support and disposal",ISO 12911
Maintainer,,"individual, department or organization engaged by either the owner or operator of an asset to carry out maintenance on or in connection with that asset",PAS 1192-3
Maintenance,,Combination of all technical and associated administrative actions to retain or restore an asset to a state in which it can perform its required function,PAS 1192-3
Maintenance Process,,"Construction process preserving the function of, or operating, the built environment",ISO 12911
Manageable Assets,,"Those aspects of the facility that may be managed during the facility life-cycle include both physical and spatial objects, and their functional groupings",PAS 1192-2 Back
Management,,Control activity in a construction process by one or more construction agents,ISO 12911
Management of Assets,,Operational activities carried out on assets in support of those assets meeting their requirements,PAS 1192-3
Manufacturer's Model of Physical Object Relation,,Special kind of qualification relation that relates two concepts whereby the subtype is a manufacturer's model of a kind of physical object and the super type is concept that is a kind of physical object R1 role player: physical object R2 role player: physical object/R1 role: manufacturer's model R2 role: nature/R1-R2 expression: is a model of R2-R1 expression: is the nature of model,ISO 16354
Marked-up Drawing,,Paper or electronic drawing that has been marked up with comments from other disciplines or the client,PAS 1192-2 Back
Master Information Delivery Plan,MIDP,"Primary plan for when project information is to be prepared, by whom and using what protocols and procedures, incorporating all relevant task information delivery plans (TIDPs).","PAS 1192-2 Front, PAS 1192-2 Back"
Master Information Delivery Plan,MIDP,plan incorporating all relevant task information delivery plans,BS EN ISO 19650-2
Master Information Document Index,MIDI,"Index specifying a detailed list of the deliverables for a project; for model, sub models, documents and data also allocating responsibility to deliver and the programme for delivery of a project supply chain",PAS 1192-2 Back
Measure,,means of expressing a quantity,ISO 6707-1
Meta-data,,Data used for the description and management of documents and other containers of information,BS 1192
Metrics,,The acceptability of the deliverable may be assessed against the requirements shown in the examples and/or against indicative ratios and counts based on the information provided,PAS 1192-2 Back
Milestone,,"significant planned, or to be planned, point in a project (3.59), programme (3.50) or portfolio (3.42)",ISO 21506:2018 cl 3.34
Minor Works,,Works carried out on an asset where information is managed using this PAS,PAS 1192-3
Model,,Representation of a system that allows for investigation of the properties of the system,"ISO/DIS 29481, BS 1192"
Model File,,"Native, proprietary format, CAD file that can be a 2D or 3D model",PAS 1192-2 Back
Model View Definition,MVD,"A computer-interpretable definition of an exchange requirement, specifically bound to one or more particular standard information schemas",ISO/DIS 29481-1
Naming Relation,,Relation that relates a term with something (UID) that is denoted by the term R1 role player: term R2 role player: anything/R1 role: name R2 role: named/R1-R2 expression: is a name for R2-R1 expression: has as name,ISO 16354
Natural Environment,,Non-artificial environment of any physical construction object,ISO 12006
Need-to-know,,grant of access to data or information relating to sensitive assets and systems for an individual or organization where such access must be necessary in order for them to perform their role satisfactorily and safely,PAS 1192-5
Neighbouring built assets,,"built assets that share a boundary (including beneath it or overhead) with the built asset under consideration, or that are in the neighbourhood of that built asset but physically separated by a public or private street, public or privately-owned open space or similar features",PAS 1192-5
New Rules of Measurements,NRM,RICS New Rules of Measurement (NRM) for Building Works: a suite of documents issued by the RICS Quantity Surveying and Construction Professional Group,PAS 1192-2 Back
New Rules of Measurements 1,NRM1,Order of Cost Estimating and Cost Planning for Capital Building Works,PAS 1192-2 Back
New Rules of Measurements 2,NRM2,"Detailed measurement for building works, provides detailed rules for the measurement and description of building works for the purpose of obtaining tender prices",PAS 1192-2 Back
New Rules of Measurements 3,NRM3,Order of cost estimating and cost planning for building maintenance works is currently in development and is expected to launch in 2013,PAS 1192-2 Back
Non-graphical Data,,Data conveyed using alphanumeric characters,"PAS 1192-2 Front, PAS 1192-2 Back"
Object,,any part of the perceivable or conceivable world,ISO 12006-2
Objective,,Role of a state that is intended to be achieved or that is intended to be prevented,"ISO 12911, ISO 16354"
Occupant,,user who spends a significant proportion of their time in or about a facility,BS8636-1
Occurrence,,"State that is dynamic and is an interaction over time between involved things, each with its own role",ISO 16354
Occurrence Object,,Representation of an actual occurrence (instance) of an object in a building,"BS 8541-1, BS 8541-3, BS 8541-4"
Operability,,capable of being put into use as intended,BS8636-1
Operation Information,,Information specifying operational activity associated to Types,BS 1192-4
Operational Strategy,,overall approach to managing the production or use of an asset/facility,BS8636-1
Operations team,,functional group responsible for the day-to-day running and maintenance of an asset/facility,BS8636-1
Operator,,Organization that uses an asset to create value but does not own the asset,PAS 1192-3
Organization,,"Group of people and facilities with an arrangement of responsibilities, authorities and relationships","PAS 1192-3, PAS 1192-5"
Organization Information Requirements,OIR,Data and information required to achieve the organization's objectives,"PAS 1192-3, BS8636-1"
Organization Information Requirements,OIR,information requirements in relation to organisational objectives.,BS EN ISO 19650-2
Origin,,As the setting out point for a project or programme using co-ordinate geometry or related to the OS or geospatial reference,PAS 1192-2 Back
Originator,,Agent responsible for production of a container,"BS 1192, PAS 1192-2 Back"
Owner,,Organization that owns an asset and uses the asset either directly or indirectly to create value,PAS 1192-3
Parametrizable Primitive Solid,,"Model of a defined primitive solid, e.g. a block, cylinder, sphere or cone whose dimensions are represented by parameters to generate variants",ISO/DSI 16757-2
Part-of Relation,,Relation between two construction objects where one object constitutes the whole and the other a part of that whole,ISO 12006
Performance,,behaviour related to use,ISO 6707-1
Permitted Use(s),,NOT DEFINED,
Personally Identifiable Information,,Personal data as defined in the Data Protection Act 1998,PAS 1192-5
Personnel,,"Individuals employed by an organization, including contractors or temporary staff used to fulfil roles that may be undertaken by that organization",PAS 1192-5
Physical Object,,"Individual thing that has a physical nature with a limited lifespan; it may be materialized (and then it may be observable and touchable) or it may be imagined (having deemed aspects, as-if observable)",ISO 16354
Physical Object - Aspect Relation,,Relation between a kind of physical object and a kind of aspect that specifies that the physical objects of the specified kind can have or has by definition an aspect of the specified kind R1 role player: physical object R2 role player: aspect/R1 role: possessor R2 role: possessed/R1-R2 expression: can have as aspect a R2-R1 expression: can be an aspect of a,ISO 16354
Placeholder,,Simplified or generic representation of a 3D object,PAS 1192-2 Back
Plain Language Questions,PLQ,Questions asked of the supply chain by the employer to inform decision-making at key stages of an asset life cycle or project,PAS 1192-3
Platform as a Service,PAAS,,OBE
Port,,"Located, oriented and directed feature of the product's geometry model for connecting the product to transfer media, fastening other products or executing treatment",ISO/DSI 16757-2
Portable Document Format (File Format),PDF,Portable Document Format. A standard document format from Adobe Systems for transfer between different computer systems,PAS 1192-2 Back
Post-occupancy Evaluation,POE,process of evaluating an asset/facility after it has been completed and is in use to understand its actual performance against that required and to capture lessons learned,BS8636-1
Pre-design Process,,Construction process determining construction properties for the built environment before it is designed,ISO 12006-2
Procedure,,Specified way to carry out an activity or a process,ISO 22263
Process,,set of interrelated or interacting activities that use inputs to deliver an intended result,ISO 6707-1
Process Map,PM,Representation of the relevant characteristics of a process associated with a defined business purpose,ISO/DSI 29481-1
Procurement (Construction Related),,"commissioning of goods, works and services in relation to a construction related project",PAS 91
Product,,"Orderable, technical entity",ISO/DSI 16757-1
Product Catalogue,,Compilation of information about products,ISO/DSI 16757-1
Product Declaration,,Data related to a product provided or verified by a distinct independent declaration scheme to support specification and selection,BS 8541-6
Product Group,,Set of products described by common properties,ISO/DSI 16757-1
Product Index,,"Compilation of references to all property values of a defined product, the product description, the product geometry, and the product article numbers",ISO/DSI 16757-1
Product Object,,"Type object intended to represent an obtainable product, either as a requirement or exemplar or as-built","BS 8541-1, BS 8541-3, BS 8541-4"
Product Series,,"Types of products, defined by the manufacturer, which are commonly constructed and manufactured",ISO/DSI 16757-1
Product Shape,,Geometric representation of the space defined by the product's external boundaries,ISO/DSI 16757-2
Product Surface,,Coloured and textured outer boundary of the product's shape whose rendered appearance responds to the relative lighting and viewing angles,ISO/DSI 16757-2
Production Process,,Construction process resulting in built environment,BSI 12006-2
Project,,"Unique process consisting of a set of coordinated and controlled activities with start and finish dates, undertaken to achieve an objective conforming to specific requirements, including the constraints of time, cost and resources to effect change to the physical or operational aspects of a facility",ISO 12911
Project (Project Information),,"unique process, consisting of a set of coordinated and controlled activities with start and finish dates, undertaken to achieve an objective conforming to specific requirements, including the constraints of time, cost and resources.",BS ISO 22263:2008 cl 2.10
Project (Quality Management),,"unique process (3.4.1), consisting of a set of coordinated and controlled activities with start and finish dates, undertaken to achieve an objective (3.7.1) conforming to specific requirements (3.6.4), including the constraints of time, cost and resourcesNote 1 to entry: An individual project can form part of a larger project structure and generally has a defined start and finish date.Note 2 to entry: In some projects the objectives and scope are updated and the product (3.7.6) or service (3.7.7) characteristics (3.10.1) defined progressively as the project proceeds.Note 3 to entry: The output (3.7.5) of a project can be one or several units of product or service.Note 4 to entry: The project's organization (3.2.1) is normally temporary and established for the lifetime of the project.Note 5 to entry: The complexity of the interactions among project activities is not necessarily related to the project size.[SOURCE: ISO 10006:2003, 3.5, modified  Notes 1 to 3 have been modified]",ISO 9000
Project (Project Management),,temporary endeavour created to produce agreed deliverables (3.19),ISO 21506:2018 cl 3.59
Project Delivery Team,,"group of organizations or individuals contracted either directly or indirectly to deliver services or products to the project, and personnel from the employer or asset owner who are directly involved in the management, planning and delivery of the project","PAS 1192-2 Front, PAS 1192-2 Back, PAS 1192-5"
Project Execution Plan,,high-level statement of the intentions and arrangements for a project,BS8636-1
Project Implementation Plan,PIP,"Statement relating to the suppliers, IT and human resources capability to deliver the EIR","PAS 1192-2 Front, PAS 1192-2 Back"
Project Information Model,PIM,"Information model developed during the design and production and construction phase of a project, consisting of graphical information, non- graphical information and documentation defining the delivered project","PAS 1192-2 Front, PAS 1192-2 Back, PAS 1192-3, BS8636-1"
Project Information Model,PIM,"information model (cl 3.3.10) relating to the delivery phase Note 1 to entry: During the project, the project information model can be used to convey the design intent (sometimes called the design intent model) or the virtual representation of the asset (3.2.8) to be constructed (sometimes called the virtual construction model).",BS EN ISO 19650-1
Project's Information Production Methods and Procedures,PIPMP,"The methods and procedures for:  a) the capture of existing asset information; b) the generation, review or approval of new information; c) the security or distribution of information; and d) the delivery of information to the appointing party.",BS EN ISO 19650-2
Project Information Requirements,PIR,information requirements in relation to the delivery of an asset.,BS EN ISO 19650-1
Project's Information Standard,PIS,the any specific information standards required by the appointing party's organization,BS EN ISO 19650-2
Project Journal,,the list of 'multiple journal entries into the archive recording information containers in any of the other states.',BS EN ISO 19650-1
Project Team,,appointing party and all delivery teams,BS EN ISO 19650-2
Promoter,,"Algorithm that generates an interaction schema for an interaction framework, interaction framework schema, and templates file for input",ISO/DSI 29481-2
Property,,feature or quality of an object,ISO 6707-1
Property Set,,"Grouping of properties that belong together based on some principle, e.g. viewpoint, lifecycle stage",ISO 15686
Published/Documentation,,"Component of the CDE for drawing renditions that have been approved as suitable for a specific purpose - for example, suitable for construction",BS 1192-2 Back
Published/Documentation,,NOT DEFINED IN ISO 19650,
Purpose of Issue,,States the purpose for issuing the document,BS 1192-2 Back
Purpose of Issue,,NOT DEFINED IN ISO 19650,
Purposes,,Those aspects of the Facility that are intended to be managed by the facility owner,BS 1192-2 Back
Qualification Relation,,Kind of specialization relation that relates two concepts whereby the subtype is a qualitative concept and the supertype is a conceptual concept R1 role player: qualitative concept R2 role player conceptual concept/R1 role: qualifier R2 role: nature/R1-R2 expression: is a qualification of R2-R1 expression: is the nature of,ISO 16354
Quality,,Degree to which a set of inherent characteristics fulfils requirements,ISO 9000
Quantity Set,,Grouping of characteristic measure properties,ISO 15686-4
RACI Indicator,,"Abbreviation used to identify which of a group of participants or stakeholders are responsible for ('R'), authorize ('A'), contribute to ('C') or are to be kept informed about ('I') a project activity","PAS 1192-2 Front, PAS 1192-2 Back"
RAG Report,,"performance report summarizing a series of assessments as red (does not meet requirement), amber (does not meet requirement but plan in place to bring up to standard), or green (meets requirement)",PAS 1192-3
Record,,Document stating results achieved or providing evidence of activities performed,ISO 22263
Red Amber Green,RAG,,
Reference File,,CAD model file associated or linked with another CAD model file. Also referred to as an 'X-ref',PAS 1192-2 Back
Reference information,,existing asset infromation,BS EN ISO 19650-2:2018
Relation,,Concept that expresses a fact or opinion about a fact by specifying the things that are involved in the fact and the roles that the various involved things play in the fact,ISO 16354
Relation Between an Individual Thing and a Kind of Thing,,,ISO 16354
Relation Between Kinds of Things,,"Relation that specifies knowledge or requirements or permissions in general terms about what can be the case, shall be the case, is allowed to be the case or is by definition the case",ISO 16354
Rendition,,"Documentation in a form enabling the information to be viewed, printed and marked up. For example, PDF and DWF files are documentation consisting of snapshots of",PAS 1192-2 Back
Rendition,,electronic encoding of a document (3.1),ISO 22938:2017
Representation,,scale view of an object,BS 8541-2
Representation Object,,Object that represents a product or a part of it as a whole,ISO/DSI 16757-1
Requirements,,Requirements are the documented expectations of facility owners/commissioners for sharable structured information. These are also referred to as the Employers Information Requirements (EIR) ,PAS 1192-2 Back
Resource,,Named material or skill required to execute Jobs,
Resources (Project Information),," Resources: Activities are performed with the help of equipment, such as tools, hardware and software, machines, etc. Some of the project information relates to the resources in terms of specifications, validations, purchases, contracts, etc.","BS ISO 22263:2008, cl 4.5"
Resource Breakdown Structure,," decomposition of people, equipment, material or other assets",ISO 21506:2018 cl 3.70
Responsibility matrix /assignment matrix,,"Chart that describes the participation by various functions in completing tasks or deliverables.Note 1 to entry: A responsibility matrix can indicate accountability, consultation and informing, alongside the obligation to complete tasks or deliverables.[SOURCE: ISO 37500:2014, 3.16, modified  The word ""roles"" has been replaced with ""functions""; the words ""for an outsourcing arrangement"" have been removed; Note 1 to entry has been added.]",BS EN ISO 19650-1:2018
Responsibilty,,the obligation to complete tasks or deliverables.,BS EN ISO 19650-1:2018
Acceptable,,meets stakeholder expectations that are capable of being shown as reasonable or merited,ISO 38500 cl 2.1
Accountable,,"answerable for actions, decisions, and performance ",ISO 38500 cl 2.2
Accountability,,state of being accountable Note 1 to entry: Accountability relates to an allocated responsibility. The responsibility can be based on regulation or agreement or through assignment as part of delegation.,ISO 38500 cl 2.3
Review,,"Activity undertaken to determine the suitability, adequacy and effectiveness of the subject matter to achieve established objectives",
Revision,,"Used to identify revisions of documents, drawing and model files",PAS 1192-2 Back
Risk Appetite,,Function of an organization's capacity to bear risk,PAS 1192-5
Role,,Functions being performed by an actor at a point in time,ISO 16354
Role of a Physical Object,,Role that a physical object plays in a relationship or the contribution that a physical object delivers in an occurrence,ISO 16354
Scale,,"Kind of relation that is used to classify relations between physical properties and numbers, thus indicating a method for quantifying sizes or extents of aspects by mathematical values or ranges",ISO 16354
Scope of Work,,"design, construction work and/or installation, testing and commissioning, handover and start-up activities necessary to deliver an operational asset/facility",BS 8636-1
Security Management,,"Role in connection with the project or the management of the asset which is responsible for security of the built asset and associated asset information during the design, construction, operation and maintenance, and disposal or decommissioning of a built asset",PAS 1192-5
Security-minded,,"Understanding and routine application of appropriate and proportionate security measures in any business situation so as to deter and/or disrupt hostile, malicious, fraudulent and criminal behaviours or activities",PAS 1192-5
Semantic Model View,,A MVD the non-graphical view of the (federated) model (to the IFC semantic arrangement) e.g. an output to the COBie Schema.,BRE DEFINITION
Sensitive Built Asset,,"Built asset, as a whole or in part, that may be of interest to a threat agent for hostile, malicious, fraudulent and/or criminal behaviours or activates",PAS 1192-5
Sensitive Information,,"Information, the loss, misuse or modification of which, or unauthorized access to, could: adversely affect the privacy, welfare or safety of an individual or individuals; compromise intellectual property or trade secrets of an organization; cause commercial or economic harm to an organization or country; and/or jeopardize the security, internal and foreign affairs of a nation, depending on the level of sensitivity and nature of the information",PAS 1192-5
Shared,,"Component of the CDE. The shared section of the CDE is where information can be made available to others in a 'safe' environment. The early release of information assists in the rapid development of the design solution. To allow this to be achieved, the concept of information 'status/suitability' has been adopted",PAS 1192-2
Shared Resources,," process output templates (BIM execution plan, master information delivery plan, etc.);  information container templates (2D/3D geometrical models, documents, etc.);  style libraries (lines, text and hatch, etc.); or  object libraries (2D symbols, 3D objects, etc.).",BS EN ISO 19650-2:2018 cl 5.1.6 c)
SI System,,International system of units,PAS 1192-2
Simplified Representation,,"scale view incorporating only the essential shape, size or features of an object",BS 8541-2
Smart,,"Application of autonomous or semi-autonomous technology systems to achieve greater utilization of resources, limiting or reducing per capita resource consumption to maintain or improve quality of life",PAS 1192-5
Smart City,,"Effective integration of physical, digital and human systems in the built environment to deliver a sustainable, prosperous and inclusive future for its citizens",PAS 1192-5
Smart Grid,,"Electricity network that uses information and communications technology (ICT) to integrate the actions of all users connected to it - generators, consumers and those that do both - in order to efficiently deliver sustainable, economic and secure electricity supplies",PAS 1192-5
Soft Landings,,"process for the graduated handover of a new or refurbished asset/facility, where a defined period of aftercare by the design and construction team is an owner's requirement that is planned and developed from the outset of the project","PAS 1192-2 Front, PAS 1192-2 Back"
Solid Modelling,,Method to describe shapes and surfaces by a computer model by joining solid primitives,ISO/DSI 16757-2
Space,,Limited three-dimensional extent defined physically or notionally,ISO 12006-2
Space (Location),,"Named location for activities such as use, inspection or maintenance, including unoccupied or uninhabitable Spaces, but not necessarily inaccessible voids",BS 1192-4
Spare,,named replaceable part associated to Types,BS 1192-4
Specialization Relation,,Relation between kinds of things that relates two concepts whereby the subtype concept is a more specific concept than the supertype concept and has all the aspects that define the supertype concept R1 role player: concept/ R2 role player: concept R1 role: subtype/R2 role: supertype R2 expression/R2-R1 expression is a specialization of/is a generalization of,ISO 16354
Specification,,Document stating requirements,"ISO 22263, BS 8541-4"
Stage,,"division of a standardized process map for the acquisition of a facility, at some of which the requirements can be delivered",BS 8636-1
Stakeholder,,"person, group or organization that has interests in, or can affect, be affected by or perceive itself to be affected by, any aspect of the project","BS 8636-1, ISO 21500"
Standard Font,,Agreed set of font types and sizes to be used for the project,PAS 1192-2 Back
Standard Layering Convention,,Single layering convention used by the project team,PAS 1192-2 Back
Standard Method and Procedure,SMP,"Set of standard methods and procedures covering the way information is named, expressed and referenced","PAS 1192-2 Front, PAS 1192-2 Back"
Static Property,,Technical property that is independent of the operating conditions of the building services system in which the product is installed and which gets its fixed value from the catalogue,ISO/DSI 16757-1
Status,,"Defines the 'suitability' of information in a model drawing or document. Not to be confused with the status in architectural documentation as 'new build', 'retain' or 'demolish'",PAS 1192-2 Back
Status Code,,Meta-data describing the suitability of the content of an information container. (3.3.12),BS EN ISO 19650-1
Structured Information,,"Vectorized file, geometric models, schedules, databases etc.",BS EN ISO 19650-1
Sub-consultant,,"Entity engaged on consultancy work, directly under the control of a consultant",PAS 91
Sub-contractor,,Entity engaged to undertake work for a contractor as part of a larger project being undertaken by that second entity,PAS 91
Sub-Model,,model included as an instance in another model,BS 1192
Supplier,,Provider of services or goods either directly to the employer or to another supplier in a supply chain,"PAS 1192-2 Front, PAS 1192-2 Back, PAS 91"
Supplier Information Modelling Assessment Form,,The form conveying the capability and experience of a supplier to carry out information modelling in a collaborative environment,"PAS 1192-2 Front, PAS 1192-2 Back"
Supplier Information Technology Assessment Form,,The form conveying the capability and IT resources of a supplier for exchanging information in a collaborative environment,"PAS 1192-2 Front, PAS 1192-2 Back"
Supplementary Information,,additional descriptive information associated to the assets,BS 1192-4
Supporting Information,," existing asset information,  shared resources,  supporting documents or guidance material,  references to relevant international, national or industry standards, and  exemplars of similar information deliverables;",
Supply Chain,,"sequence of all entities engaged directly or indirectly by a client to contribute goods, works and services to a construction related project",PAS 91
Supply Chain Capability Assessment Form,,Form summarizing the human resource and IT capability of each organization in a supply chain,"PAS 1192-2 Front, PAS 1192-2 Back"
Symbol,,graphic device without scale used: a) on a drawing to indicate the occurrence and/or location of an item; b) in an annotation to indicate one or more of the attributes of an item,BS 8541-2
Symbol Element (Element),,"Graphic device without scale used only in combination with a symbol (or symbols) or with other elements, to form a symbol",BS 8541-2
Synonym Relation,,"Relation between two naming relations that relates an object with a particular name in one context with the same object with another (or the same) name in another context in the same language R1 role player: naming relation R2 role player: naming relation/R1 role: synonym R2 role: base/ R1-R2 expression: is s synonym of, is an abbreviation of R2-R1 expression: is a synonym for, is abbreviated by",ISO 16354
System,,named set of manageable Components providing a common function,PAS 1192-2 Back
System (IFC),,"Organized combination of related parts, composed for a common purpose or function or to provide a service. System is essentially a functionally related aggregation of products",PAS 1192-2 Back
System Engineering,,Interdisciplinary approach enabling the realization of successful systems,PAS 1192-2 Back
Task,,Set of activities normally under the responsibility of one agent,ISO 22263
Task Information Delivery Plan,TIDP,"Federated lists of information deliverables by each task, including format, date and responsibilities","PAS 1192-2 Front, PAS 1192-2 Back"
Task Information Delivery Plan,TIDP,"schedule of information containers and delivery dates, for a specific task team",BS EN ISO 19650-2
Task Team,,Individuals assembled to perform a specific task,BS EN ISO 19650-1 cl 3.2.7
Technical Property,,"Property which is used to represent technical data and functions for designing, calculating, and simulating the product",ISO/DSI 16757-1
Template Object,,Type object intended to guide the production of generic objects and product objects by providing schedules of classification values and a minimum set of attributes,"BS 8541-1, BS 8541-3, BS 8541-4"
Templates File,,"File containing a number of templates, independent of the interaction framework, for generating an interaction schema",ISO/DSI 29481-1
Term,,"(1)verbal designation of a concept or individual thing in a specific subject field (adapted from ISO 1087-1:2000) (2)role of a physical character string or sound that may include spaces and silences, respectively, that is used to designate a concept (e.g. a kind of physical object or aspect) or to designate an individual thing in a particular language (coding system) and language community",ISO 16354
Tester,,testing body,BS 8541-6
Third-Party ,,"non-design, non-construction organizations in a supply chain",PAS1192-2
Third Party Capability Assessment Form,,"Form conveying the information management and IT capabilities of non-design, non-construction organizations in a supply chain",PAS 1192-2 Front
Threat,,Potential cause of an incident which may result in harm to a system or organization,PAS 1192-5
Tolerance,,permissible variation of the specified value of a quantity,ISO 6707-1
Traceability,,"Ability to trace the history, application or location of that which is under consideration",ISO 22263
Transaction,,A communication event that fulfils a relationship between two roles,ISO/DSI 29481-1
Transaction Map,,Representation of a set of messages that are exchanged between participating roles for a particular purpose,ISO/DSI 29481-1
Transaction Relation,,Relation between two naming relations that relates an object with a particular name in one language with the same object with another (or the same) name in another language R1 role player: naming relation R2 naming relation/R1 role: translation R2 role: base/R1-R2 expression: is a translation of R2-R1 expression: is translated by,ISO 16354
Transition,,Transition is used to denote change (in the state of the information container)  ,PD ISO 19650-0 table 2
Trigger,,Planned or unplanned event that changes an asset or its status,PAS 1192-3
Trigger event,,"Planned or unplanned event that changes the asset or its status during its lifecycle, which results in information exchange.Note 1 to entry: During the delivery phase (3.2.11), trigger events normally reflect the ends of project stages.",BS EN ISO 19650-1 cl 3.2.13
Trigger-related Event,,Response to a trigger and the reflection of the altered state of the asset in the AIM,PAS 1192-3
Type,,"named specification for Components including equipment, products and materials",BS 1192-4
Type (Library) Object,,"Representation of the common features of a product or group, including its classifications and properties","BS 8541-1, BS 8541-3, BS 8541-4"
Type-of Relation,,Relation between two concepts where the intention of one of the concepts includes that of the other concept and at least one additional delimiting characteristic,ISO 12006
Uniclass,,"Unified classifications for the construction industry sponsored by CC, RICS, RIBA and CIBSE. The classification system is based on CI/SfB, CAWS and other relevant documents. Complying with BS ISO 12006-2",PAS 1192-2 Back
Unique Identifier,UID,"Role of a character string when used for unambiguous reference to a concept or to an individual thing (e.g. a physical object or an aspect or a fact or a relation type) and that is unique within a particular common context, preferably in a universal context",ISO 16354
Unit of Measure,,Scale that specifies how the size or extent of an aspect is unambiguously quantified by a value on a mathematical range,ISO 16354
Un-structured Information,,"Image, video clip, sound recording etc.",BS EN ISO 19650-1
User,,Individual occupying or using a built asset for its design purpose,"PAS 1192-2 Front, PAS 1192-2 Back"
Utilization Ratio,,Proportion of time that the facility or the product is expected to be fully utilized,ISO 15686-4
Validation,,"confirmation, through the provision of objective evidence, that the requirements for a specific intended use or application have been fulfilled",ISO 9000
Verification,,"confirmation, through the provision of objective evidence, that specified requirements have been fulfilled",ISO 9000
Version,,"Sub-indexing to revision as used in the common data environment to show the development of information and information models, e.g. if a version is named P1.1, P1 is the revision number and .1 is the version to that revision",PAS 1192-2 Back
Virtual Construction Model,,Subsequent version of the Project Information Model developed from the design intent model by the construction supplier and their supply chain,"PAS 1192-2 Front, PAS 1192-2 Front"
Virtual Construction Model,,Use of the project information model to convey the virtual representation of the asset to be constructed. Progressed by the constructor from the design intent model.,BS EN ISO 19650-1
Volume,,"Manageable spatial subdivision of a project, defined by the 'project team' as a subdivision of the overall project that allows more than one person to work on the project models simultaneously and consistent with the analysis and design process","PAS 1192-2 Front, PAS 1192-2 Front"
Voorwaarden Scheppen Voor Invoeren Standaardisatie ICT in de Infrastructure-sector,VISI,Acronym for Dutch standard for communication between partners in construction projects,ISO/DSI 29481-1
Vulnerability,,weakness of an asset or group of assets that can be exploited by one or more threats,PAS 1192-5
Work in Progress,WIP,Component of the CDE,PAS 1192-2 Back
Work Result,,View of construction result by type of work activity and resources used,ISO 12006
X-Ref,,CAD model file associated or linked with another CAD model file. Also referred to as a 'reference file',PAS 1192-2 Back
Zone,,"named set of Spaces (locations) sharing a specific Attribute, such as activity, access, management or conditioning",BS 1192-4
